DS-3,4
DS-3经典,1
DS-4,9
DS-4S,11
DS-5,68
DS-5(进口),14
DS-5LS,78
DS-6,21
DS-7,1
DS-DS,1
GMC-SAVANA,29
Jeep-北京JEEP,5
Jeep-大切诺基,12
Jeep-大切诺基(进口),85
Jeep-指南者,26
Jeep-指南者(进口),88
Jeep-指挥官,3
Jeep-指挥官经典,3
Jeep-牧马人,89
Jeep-自由侠,80
Jeep-自由光,67
Jeep-自由光(进口),79
Jeep-自由客,79
LITE-LITE,1
MINI-CLUBMAN,79
MINI-COUNTRYMAN,79
MINI-COUPE,11
MINI-JCW,8
MINI-MINI,47
MINI-PACEMAN,22
MINI-ROADSTER,4
smart-forfour,39
smart-fortwo,76
smart-smart,1
SWM斯威汽车-G01,2
SWM斯威汽车-SX7,1
SWM斯威汽车-X3,4
SWM斯威汽车-X7,42
WEY-P8,5
WEY-VV5,64
WEY-VV6,5
WEY-VV7,79
一汽-佳宝T51,1
一汽-佳宝T57,2
一汽-佳宝V52,77
一汽-佳宝V55,2
一汽-佳宝V70,53
一汽-佳宝V75,28
一汽-佳宝V77,18
一汽-佳宝V80,41
一汽-佳宝V80新能源,2
一汽-佳宝V81,1
一汽-坤程,2
一汽-夏利,47
一汽-夏利N5,79
一汽-夏利N7,79
一汽-威乐,77
一汽-威姿,12
一汽-威志,31
一汽-威志V2,79
一汽-威志V5,68
一汽-森雅M80,80
一汽-森雅R7,79
一汽-森雅R9,1
一汽-森雅S80,79
一汽-解放T80,1
一汽-骏派A50,1
一汽-骏派A70,23
一汽-骏派CX65,1
一汽-骏派D60,79
三菱-ASX劲炫(进口),50
三菱-LANCER,4
三菱-三菱戈蓝,2
三菱-伊柯丽斯,1
三菱-劲炫ASX,74
三菱-君阁,24
三菱-帕杰罗,21
三菱-帕杰罗(进口),71
三菱-帕杰罗·劲畅,65
三菱-帕杰罗·劲畅(进口),23
三菱-帕杰罗速跑,8
三菱-戈蓝,40
三菱-格蓝迪,17
三菱-欧蓝德,29
三菱-欧蓝德(进口),80
三菱-欧蓝德经典,22
三菱-翼神,86
三菱-菱绅,11
三菱-蓝瑟,79
三菱-风迪思,17
上汽大通-D90,72
上汽大通-G10,80
上汽大通-T60,10
上汽大通-V80,70
上汽大通-伊思坦纳,2
东南-DX3,79
东南-DX7,93
东南-V3菱悦,86
东南-V5菱致,79
东南-V6菱仕,74
东南-希旺,13
东南-得利卡,14
东南-菱帅,41
东风-A9,20
东风-CM6,1
东风-SX6,2
东风-V27,1
东风-俊风,14
东风-俊风CV03,13
东风-俊风E17,1
东风-俊风ER30,2
东风-奥丁,19
东风-帅客,79
东风-御轩,17
东风-御风,32
东风-御风P16,1
东风-皮卡,3
东风-菱智,2
东风-虎视,1
东风-锐骐多功能车,4
东风-锐骐皮卡,21
东风小康-C31,11
东风小康-C32,20
东风小康-C35,9
东风小康-C36,14
东风小康-C37,61
东风小康-C41,1
东风小康-EC36,6
东风小康-K01,15
东风小康-K02,6
东风小康-K05S,9
东风小康-K06,4
东风小康-K07,77
东风小康-K07II,80
东风小康-K07S,79
东风小康-K17,79
东风小康-V07S,41
东风小康-V21,2
东风小康-V22,2
东风小康-V27,58
东风小康-V29,24
东风小康k01,1
东风小康K07,1
东风风光-,9
东风风光-330,78
东风风光-350,9
东风风光-360,76
东风风光-370,80
东风风光-580,79
东风风光-ix5,3
东风风光-S560,26
东风风光-风光,1
东风风度-MX5,29
东风风度-MX6,58
东风风神-A30,67
东风风神-A60,79
东风风神-A9,11
东风风神-AX3,79
东风风神-AX4,25
东风风神-AX5,30
东风风神-AX7,79
东风风神-H30,78
东风风神-L60,46
东风风神-S30,79
东风风神-东风风神AX7,1
东风风神-东风风神H30,1
东风风神L60,1
东风风行-CM7,78
东风风行-F600,49
东风风行-F600L加长版,1
东风风行-SX6,75
东风风行-景逸,30
东风风行-景逸S50,79
东风风行-景逸SUV,5
东风风行-景逸X3,79
东风风行-景逸X5,80
东风风行-景逸X6,15
东风风行-景逸XV,44
东风风行-菱智,84
东风风行-风行SX6,2
中兴-C3,24
中兴-GX3,9
中兴-威虎,3
中兴-威虎G3,9
中兴-威虎TUV,4
中兴-小老虎,4
中兴-旗舰A9,7
中兴-无限,1
中兴-无限V5,3
中兴-无限V7,4
中兴-昌铃,1
中兴-领主,9
中华-FRV,1
中华-FSV,1
中华-H220,16
中华-H230,78
中华-H230新能源,1
中华-H3,13
中华-H320,19
中华-H330,78
中华-H530,80
中华-V3,79
中华-V5,80
中华-V6,10
中华-V7,3
中华-中华豚,1
中华-华骏捷FSV,1
中华-尊驰,56
中华-骏捷,25
中华-骏捷Cross,47
中华-骏捷FRV,79
中华-骏捷FSV,78
中华H330,1
丰田-86,50
丰田-C-HR,3
丰田-FJ,21
丰田-Fortuner,2
丰田-RAV4(进口),15
丰田-RAV4荣放,84
丰田-Sienna,1
丰田-YARiS,130
丰田-丰田86,3
丰田-丰田RAV4(进口),1
丰田-兰德酷路泽,55
丰田-兰德酷路泽(进口),2
丰田-凯美瑞,87
丰田-凯美瑞(海外),6
丰田-卡罗拉,89
丰田-埃尔法,77
丰田-奕泽IZOA,3
丰田-威飒,9
丰田-威驰,83
丰田-威驰FS,23
丰田-普拉多,66
丰田-普拉多(进口),79
丰田-普瑞维亚,34
丰田-普锐斯,13
丰田-杰路驰,6
丰田-汉兰达,86
丰田-汉兰达(进口),23
丰田-特锐,4
丰田-皇冠,81
丰田-花冠,88
丰田-迈腾,1
丰田-逸致,19
丰田-锐志,110
丰田-雅力士,79
丰田-雷凌,82
之诺-60H,1
九龙-A4,11
九龙-A5,9
九龙-艾菲,9
云度-π1,1
五十铃-D-MAX,10
五十铃-mu-X,2
五十铃-mu-X牧游侠,2
五十铃-五十铃皮卡,2
五十铃-瑞迈,3
五十铃-皮卡,10
五十铃-竞技者,1
五十铃-铃拓,1
五菱汽车-PN货车,4
五菱汽车-S3,1
五菱汽车-五菱之光,80
五菱汽车-五菱之光V,16
五菱汽车-五菱之光小卡,7
五菱汽车-五菱宏光,82
五菱汽车-五菱宏光S3,23
五菱汽车-五菱征程,32
五菱汽车-五菱荣光,53
五菱汽车-五菱荣光V,79
五菱汽车-五菱荣光小卡,79
众泰-2008,38
众泰-5008,87
众泰-M300,22
众泰-SR6,1
众泰-SR7,73
众泰-SR9,79
众泰-T200,32
众泰-T300,34
众泰-T500,11
众泰-T600,156
众泰-T700,79
众泰-V10,5
众泰-X7,1
众泰-Z100,25
众泰-Z200,4
众泰-Z200HB,4
众泰-Z300,79
众泰-Z360,10
众泰-Z500,79
众泰-Z560,18
众泰-Z700,79
众泰-云100,56
众泰-云100S,1
众泰-众泰5008,1
众泰-众泰SR9,1
众泰-众泰T600,1
众泰-众泰V10,1
众泰-大迈X5,80
众泰-大迈X7,78
众泰-江南T11,4
众泰-江南TT,11
众泰-芝麻,13
众泰-芝麻E30,2
依维柯-Daily(欧胜),1
依维柯-Power,30
依维柯-Turbo,10
依维柯-依维柯,1
依维柯-依维柯Power,1
依维柯-依维柯褒迪Power,1
依维柯-宝迪,15
依维柯-得意,42
依维柯-褒迪Power,30
依维柯-都灵,12
保时捷-2011款,1
保时捷-718,50
保时捷-911,63
保时捷-Boxster,62
保时捷-Cayenne,83
保时捷-Cayenne新能源,9
保时捷-Cayman,55
保时捷-Macan,80
保时捷-Panamera,83
克莱斯勒-300C,20
克莱斯勒-300C(进口),79
克莱斯勒-PT,17
克莱斯勒-大捷龙,18
克莱斯勒-大捷龙(进口),19
克莱斯勒-铂锐,23
兰博基尼-Gallardo,6
兰博基尼-Huracán,1
凯翼-C3,57
凯翼-C3R,15
凯翼-E3,2
凯翼-V3,17
凯翼-X3,63
凯翼-X5,9
凯翼-凯翼C3,1
凯翼-凯翼X3,1
凯迪拉克-ATS(进口),36
凯迪拉克-ATS-L,78
凯迪拉克-CT6,78
凯迪拉克-CTS,11
凯迪拉克-CTS(进口),78
凯迪拉克-CTS（进口）2006款,1
凯迪拉克-ESCALADE,1
凯迪拉克-SLS赛威,79
凯迪拉克-SRX,81
凯迪拉克-XLR,1
凯迪拉克-XT5,79
凯迪拉克-XTS,79
凯迪拉克-凯迪拉克ATS-L,1
凯迪拉克-凯雷德ESCALADE,14
凯迪拉克XTS,1
别克-GL6,20
别克-GL8,81
别克-VELITE,9
别克-凯越,78
别克-君威,111
别克-君越,105
别克-奔奔MINI,1
别克-威朗,93
别克-昂科威,81
别克-昂科拉,79
别克-昂科雷,82
别克-林荫大道,78
别克-英朗,81
别克-荣御,10
别克-赛欧,1
别克-阅朗,18
别克-雨燕,1
力帆-520,2
力帆-620,1
力帆-630,1
力帆-720,4
力帆-X60,2
力帆-X80,1
力帆-轩朗,1
力帆-迈威,1
力帆汽车-330,19
力帆汽车-330EV,3
力帆汽车-520,39
力帆汽车-620,78
力帆汽车-630,21
力帆汽车-650EV,2
力帆汽车-720,70
力帆汽车-820,37
力帆汽车-T21,2
力帆汽车-X50,41
力帆汽车-X60,77
力帆汽车-X80,3
力帆汽车-丰顺,67
力帆汽车-乐途,61
力帆汽车-兴顺,26
力帆汽车-力帆820,1
力帆汽车-福顺,4
力帆汽车-轩朗,55
力帆汽车-迈威,77
劳伦士-M级,1
劳斯莱斯-古思特,15
劳斯莱斯-幻影,1
劳斯莱斯-魅影,2
北京-20,1
北京-BJ20,77
北京-BJ40,80
北京-BJ80,31
北京-E系列,71
北京-汽车E系列,1
北京BJ80,1
北京汽车-(BJ)20,1
北京汽车-E系列,9
北京现代-i30,2
北汽-威旺S50,1
北汽-幻速H3F,1
北汽制造-BJ,67
北汽制造-BJ212,1
北汽制造-BW007,19
北汽制造-勇士,7
北汽制造-勇士皮卡,2
北汽制造-北京BW007,7
北汽制造-战旗,51
北汽制造-越铃,2
北汽制造-陆铃,1
北汽制造-陆霸,3
北汽制造-骑士S12,4
北汽威旺-007,2
北汽威旺-205,79
北汽威旺-306,82
北汽威旺-307,25
北汽威旺-M20,83
北汽威旺-M30,79
北汽威旺-M35,22
北汽威旺-M50F,69
北汽威旺-M60,6
北汽威旺-S50,82
北汽威旺-北汽007,2
北汽幻速-H2,79
北汽幻速-H2V,10
北汽幻速-H3,71
北汽幻速-H3F,7
北汽幻速-H6,9
北汽幻速-S2,79
北汽幻速-S3,81
北汽幻速-S5,35
北汽幻速-S6,79
北汽幻速-S7,11
北汽新能源-EC系列,79
北汽新能源-ES210,1
北汽新能源-EU系列,28
北汽新能源-EV系列,79
北汽新能源-EX系列,14
北汽昌河-A6,4
北汽昌河-M50,35
北汽昌河-M70,6
北汽昌河-Q25,9
北汽昌河-Q35,13
北汽昌河-Q7,4
北汽昌河-爱迪尔,4
北汽昌河-福瑞达,37
北汽昌河-福瑞达K21,2
北汽昌河-福运,2
北汽绅宝-CC,8
北汽绅宝-D20,58
北汽绅宝-D50,78
北汽绅宝-D60,21
北汽绅宝-D70,78
北汽绅宝-D80,1
北汽绅宝-E系列,1
北汽绅宝-X25,78
北汽绅宝-X35,78
北汽绅宝-X55,79
北汽绅宝-X65,78
北汽绅宝-绅宝D50,1
北汽绅宝-绅宝D70,1
北汽绅宝-绅宝X25,1
北汽绅宝-绅宝X35,1
北汽绅宝-绅宝X65,1
华普-华普海景,1
华普-海域,19
华普-海尚,7
华普-海悦,1
华普-海景,12
华普-海迅,8
华普-海锋,4
华泰-B11,2
华泰-圣达菲,69
华泰-圣达菲5,4
华泰-圣达菲经典,79
华泰-宝利格,79
华泰-特拉卡,28
华泰-路盛E70,25
华泰新能源-EV160R,7
华泰新能源-XEV260,1
华颂-7,22
南京金龙-开沃D11,1
卡升-C10,4
卡升-威霆,1
卡威-K1,6
卡威-W1,9
卡威-W1新能源,2
卡尔森-GL级,1
双环-SCEO,24
双环-小贵族,2
双环-来宝SRV,1
双龙-主席,3
双龙-享御,17
双龙-柯兰多,79
双龙-爱腾,57
双龙-蒂维拉,8
双龙-路帝,5
双龙-雷斯特,17
双龙-雷斯特W,10
吉利汽车-EC8,79
吉利汽车-GC7,79
吉利汽车-GL,1
吉利汽车-GX2,43
吉利汽车-GX7,78
吉利汽车-SC3,49
吉利汽车-SC5-RV,20
吉利汽车-SUV,1
吉利汽车-SX7,68
吉利汽车-优利欧,14
吉利汽车-博瑞,72
吉利汽车-博瑞GE,5
吉利汽车-博瑞GE新能源,4
吉利汽车-博越,79
吉利汽车-吉利GX7,1
吉利汽车-吉利SC3,2
吉利汽车-帝豪,43
吉利汽车-帝豪EV,8
吉利汽车-帝豪GL,78
吉利汽车-帝豪GS,80
吉利汽车-帝豪GSe,3
吉利汽车-帝豪新能源,27
吉利汽车-海景,76
吉利汽车-熊猫,79
吉利汽车-经典帝豪,81
吉利汽车-自由舰,79
吉利汽车-英伦C5,4
吉利汽车-英伦TX4,7
吉利汽车-豪情,4
吉利汽车-豪情SUV,28
吉利汽车-远景,54
吉利汽车-远景S1,39
吉利汽车-远景SUV,55
吉利汽车-远景X1,9
吉利汽车-远景X3,35
吉利汽车-金刚,72
吉利汽车-金刚财富,49
吉利汽车-金鹰,76
名爵-3,82
名爵-3SW,54
名爵-4SW,1
名爵-5,2
名爵-6,87
名爵-6新能源,3
名爵-7,33
名爵-M3SW,1
名爵-MG,1
名爵-MG6,1
名爵-TF,1
名爵-ZS,79
名爵-名爵7,1
名爵-锐腾,83
名爵-锐行,65
君马汽车-MEET,2
君马汽车-S70,7
君马汽车-SEEK,2
启辰-D50,79
启辰-D60,33
启辰-M50V,16
启辰-R30,52
启辰-R50,79
启辰-R50X,30
启辰-T70,80
启辰-T70X,23
启辰-T90,71
启辰-启辰T90,1
启辰-晨风,11
哈弗-H1,81
哈弗-H2,80
哈弗-H2s,79
哈弗-H3,79
哈弗-H4,1
哈弗-H5,80
哈弗-H6,152
哈弗-H7,78
哈弗-H8,79
哈弗-H9,79
哈弗-M6,49
哈弗-哈弗H2,1
哈弗-哈弗H5,1
哈弗-哈弗H6,1
哈弗-哈弗H7,1
哈飞-中意,1
哈飞-中意V5,6
哈飞-哈飞小霸王,3
哈飞-小霸王,42
哈飞-民意,78
哈飞-民意微卡,2
哈飞-赛豹III,11
哈飞-赛马,43
哈飞-路宝,79
哈飞-骏意,6
国金汽车-GM3,1
大众-C-TREK蔚领,44
大众-CC,81
大众-Eos,24
大众-H6,1
大众-Passat,2
大众-Passat领驭,83
大众-Polo,90
大众-Tiguan,6
大众-up!,7
大众-凌渡,81
大众-凯路威,19
大众-夏朗,80
大众-大众Eos,2
大众-大众up!,1
大众-宝来,73
大众-宝来经典,2
大众-尚酷,46
大众-帕萨特,56
大众-帕萨特新能源,1
大众-开迪,5
大众-悦动,1
大众-捷达,84
大众-朗境,60
大众-朗行,79
大众-朗逸,84
大众-桑塔纳,51
大众-桑塔纳志俊,81
大众-桑塔纳经典,80
大众-猎豹Q6,1
大众-甲壳虫,80
大众-蔚揽,22
大众-蔚领,35
大众-辉昂,30
大众-辉腾,79
大众-迈特威,79
大众-迈腾,78
大众-迈腾(进口),79
大众-途安,82
大众-途岳,2
大众-途昂,74
大众-途观,76
大众-途观L,79
大众-途锐,83
大众-速腾,88
大众-高尔,14
大众-高尔夫,76
大众-高尔夫(进口),78
大众-高尔夫·嘉旅,77
大众-高尔夫新能源(进口),4
奇瑞-5x,1
奇瑞-7,1
奇瑞-A1,61
奇瑞-A3,79
奇瑞-A5,78
奇瑞-E3,80
奇瑞-E5,78
奇瑞-E8,2
奇瑞-eQ,29
奇瑞-eQ1,39
奇瑞-QQ,78
奇瑞-QQ3,81
奇瑞-QQ6,69
奇瑞-QQme,4
奇瑞-X1,65
奇瑞-东方之子,44
奇瑞-东方之子Cross,12
奇瑞-奇瑞QQ,1
奇瑞-奇瑞QQ6,1
奇瑞-开瑞优胜2代,1
奇瑞-旗云,33
奇瑞-旗云1,7
奇瑞-旗云2,77
奇瑞-旗云3,70
奇瑞-旗云5,1
奇瑞-瑞虎,56
奇瑞-瑞虎3,81
奇瑞-瑞虎3x,30
奇瑞-瑞虎3X,5
奇瑞-瑞虎3xe,10
奇瑞-瑞虎5,65
奇瑞-瑞虎5x,44
奇瑞-瑞虎7,74
奇瑞-瑞虎8,4
奇瑞-翼神,1
奇瑞-艾瑞泽3,62
奇瑞-艾瑞泽5,68
奇瑞-艾瑞泽5e,5
奇瑞-艾瑞泽7,87
奇瑞-艾瑞泽7e,32
奇瑞-艾瑞泽GX,2
奇瑞-艾瑞泽M7,38
奇瑞-速派,1
奇瑞-风云,1
奇瑞-风云2,82
奇瑞A5,1
奔腾-B30,79
奔腾-B30EV,4
奔腾-B50,78
奔腾-B70,78
奔腾-B90,74
奔腾-R9,1
奔腾-X40,68
奔腾-X80,79
奔腾-奔腾B50,1
奔驰-AMG,1
奔驰-A级,14
奔驰-A级(进口),65
奔驰-A级AMG,45
奔驰-B级,80
奔驰-CLA级,73
奔驰-CLA级AMG,20
奔驰-CLK级,21
奔驰-CLS级,74
奔驰-CLS级AMG,7
奔驰-C级,71
奔驰-C级(进口),79
奔驰-C级AMG,37
奔驰-E级,80
奔驰-E级(进口),79
奔驰-E级AMG,1
奔驰-GL,1
奔驰-GLA,103
奔驰-GLA(进口),16
奔驰-GLC,77
奔驰-GLC(进口),19
奔驰-GLE,95
奔驰-GLK级,64
奔驰-GLK级(进口),81
奔驰-GLS,26
奔驰-GL级,76
奔驰-GL级AMG,2
奔驰-G级,24
奔驰-G级AMG,12
奔驰-M级,80
奔驰-M级AMG,6
奔驰-R级,80
奔驰-SLC级,6
奔驰-SLK级,79
奔驰-SLS级AMG,2
奔驰-SL级,19
奔驰-SL级AMG,2
奔驰-Sprinter,51
奔驰-sprinter(进口),1
奔驰-S级,70
奔驰-S级AMG,15
奔驰-V级,37
奔驰-凌特,5
奔驰-唯雅诺,74
奔驰-唯雅诺(进口),16
奔驰-奔级(进口),1
奔驰-奔驰GLE,1
奔驰-威霆,79
奔驰-威霆(进口),2
奔驰-斯宾特,1
奔驰-斯宾特房车,1
奔驰-新凯威霆,1
奔驰-迈巴赫S级,21
奥迪-A1,81
奥迪-A3,75
奥迪-A3(进口),79
奥迪-A3(进口)新能源,1
奥迪-A3新能源(进口),2
奥迪-A4,62
奥迪-A4(进口),43
奥迪-A4L,88
奥迪-A5,82
奥迪-A6,57
奥迪-A6(进口),14
奥迪-A6L,85
奥迪-A6L新能源,3
奥迪-A7,80
奥迪-A8,80
奥迪-Q3,76
奥迪-Q3(进口),52
奥迪-Q5,78
奥迪-Q5(进口),79
奥迪-Q5L,2
奥迪-Q7,79
奥迪-R8,10
奥迪-RS,8
奥迪-S3,32
奥迪-S4,1
奥迪-S5,38
奥迪-S6,8
奥迪-S7,6
奥迪-S8,4
奥迪-SQ5,11
奥迪-TT,81
奥迪-TTS,26
奥迪-奥迪RS,1
威麟-H5,1
威麟-V5,36
威麟-X5,9
宝沃-BX5,51
宝沃-BX7,79
宝马-1系,16
宝马-1系(进口),83
宝马-1系M,5
宝马-2系,24
宝马-2系M,1
宝马-2系多功能旅行车,16
宝马-2系旅行车,46
宝马-2系旅行车(进口),39
宝马-3系,70
宝马-3系(进口),80
宝马-3系GT,78
宝马-4系,79
宝马-5系,99
宝马-5系(进口),80
宝马-5系GT,79
宝马-5系新能源,10
宝马-6系,54
宝马-6系GT,4
宝马-7系,84
宝马-i3,17
宝马-i8,2
宝马-M2,5
宝马-M3,33
宝马-M4,14
宝马-M5,4
宝马-M6,1
宝马-X1,64
宝马-X1(进口),84
宝马-X1新能源,5
宝马-X3,4
宝马-X3(进口),79
宝马-X4,80
宝马-X5,107
宝马-X5新能源,1
宝马-X6,88
宝马-Z3,1
宝马-Z4,79
宝马-宝马1系(进口),1
宝马-宝马3系(进口),1
宝马-宝马3系GT,1
宝马-宝马6系,1
宝马-轩逸,1
宝骏-310,81
宝骏-310W,42
宝骏-360,7
宝骏-510,79
宝骏-560,80
宝骏-610,44
宝骏-630,81
宝骏-730,85
宝骏-E100,2
宝骏-乐驰,79
宝骏-思域,1
宾利-慕尚,5
宾利-欧陆,12
宾利-添越,1
宾利-飞驰,31
巴博斯-smart,2
巴博斯-S级,11
巴博斯-巴博斯,3
广汽传祺-GA3,76
广汽传祺-GA3S视界,80
广汽传祺-GA4,11
广汽传祺-GA5,67
广汽传祺-GA5新能源,33
广汽传祺-GA6,79
广汽传祺-GA8,31
广汽传祺-GM8,2
广汽传祺-GS3,27
广汽传祺-GS4,81
广汽传祺-GS5,143
广汽传祺-GS7,15
广汽传祺-GS8,79
广汽传祺-传祺GA3,1
广汽传祺-传祺GA5新能源,1
广汽传祺-传祺GS5,1
广汽吉奥-E美,1
广汽吉奥-G5,4
广汽吉奥-GX5,7
广汽吉奥-GX6,11
广汽吉奥-凯睿,3
广汽吉奥-奥轩G3,4
广汽吉奥-奥轩G5,32
广汽吉奥-奥轩GX5,23
广汽吉奥-帅舰,5
广汽吉奥-帅豹,1
广汽吉奥-星旺,24
广汽吉奥-星旺CL,4
广汽吉奥-星旺L,1
广汽吉奥-星朗,69
广汽吉奥-星朗2014款,1
广汽吉奥-财运100,5
广汽吉奥-财运300,1
广汽新能源-GA3S,1
广汽新能源-GE3,3
广汽新能源-GS4新能源,4
广汽新能源-传祺GA3S,2
广汽新能源-传祺GE3,8
广汽新能源-传祺GS4新能源,4
广汽集团-祺智PHEV,7
康迪全球鹰-K10,3
康迪全球鹰-K11,5
康迪全球鹰-K17,3
开瑞-K50,79
开瑞-K60,39
开瑞-K60EV,1
开瑞-优优,13
开瑞-优优2代,31
开瑞-优优EV,2
开瑞-优劲,21
开瑞-优劲EV,1
开瑞-优派,5
开瑞-优胜,15
开瑞-优胜2代,25
开瑞-优雅,5
开瑞-优雅2代,17
开瑞-开瑞K50,1
御捷-E驰,2
思铭-2012款,1
思铭-思铭,78
恒天-途腾T2,1
悍马-H2,2
悍马-H3,4
成功汽车-V1,4
成功汽车-V2,2
成功汽车-V2E,2
捷豹-F-PACE,79
捷豹-F-TYPE,20
捷豹-S-Type,4
捷豹-XE,59
捷豹-XEL,10
捷豹-XF,117
捷豹-XFL,79
捷豹-XJ,79
捷豹-XK,6
捷途-X70,1
斯威汽车-SWM斯威X3,2
斯威汽车-SWM斯威X7,6
斯威汽车-X3,2
斯威汽车-X7,31
斯威汽车-斯威X7,2
斯巴鲁-BRZ,41
斯巴鲁-XV,78
斯巴鲁-傲虎,79
斯巴鲁-力狮,71
斯巴鲁-斯巴鲁XV,1
斯巴鲁-森林人,80
斯巴鲁-翼豹,20
斯巴鲁-驰鹏,16
斯柯达-Superb,3
斯柯达-Yeti,76
斯柯达-Yeti(进口),9
斯柯达-昊锐,79
斯柯达-明锐,129
斯柯达-昕动,79
斯柯达-昕锐,80
斯柯达-晶锐,79
斯柯达-柯珞克,3
斯柯达-柯米克,1
斯柯达-柯迪亚克,25
斯柯达-速尊,2
斯柯达-速派,77
斯柯达-速派(进口),2
新凯-V-Class,2
新凯-凌特,4
新凯-凯胜,1
新凯-威霆,3
新凯汽车-凌特,2
新凯汽车-威霆,3
日产-370Z,1
日产-D22,12
日产-GT-R,1
日产-LANNIA,78
日产-NV200,76
日产-ZN厢式车,5
日产-劲客,30
日产-天籁,81
日产-奇骏,81
日产-奇骏(进口),2
日产-帕拉丁,79
日产-日产NV200,3
日产-楼兰,72
日产-玛驰,80
日产-纳瓦拉,7
日产-蓝鸟,10
日产-西玛,14
日产-贵士,16
日产-轩逸,83
日产-逍客,81
日产-途乐,6
日产-途达,3
日产-阳光,78
日产-颐达,80
日产-风度,1
日产-风雅,11
日产-骊威,81
日产-骏逸,23
日产-骐达,83
昌河-M50,8
昌河-M70,8
昌河-Q25,12
昌河-Q35,31
昌河-北斗星X5E,1
昌河-昌河Q25,1
昌河-爱迪尔,14
昌河-福瑞达,30
昌河-福瑞达M50,36
昌河-福运,12
本田-CR-V,88
本田-CR-Z,5
本田-INSIGHT,2
本田-UR-V,39
本田-XR-V,78
本田-冠道,63
本田-凌派,78
本田-哥瑞,70
本田-奥德赛,81
本田-思域,79
本田-思域(海外),1
本田-思迪,8
本田-思铂睿,79
本田-时韵,1
本田-杰德,79
本田-歌诗图,79
本田-竞瑞,42
本田-缤智,79
本田-艾力绅,79
本田-里程,2
本田-锋范,21
本田-锋范经典,79
本田-雅阁,82
本田-飞度,80
林肯-MKC,79
林肯-MKT,1
林肯-MKX,73
林肯-MKZ,79
林肯-大陆,37
林肯-领航员,16
标致-2008,64
标致-206,77
标致-206(进口),4
标致-207,71
标致-207(进口),19
标致-3008,73
标致-3008(进口),28
标致-301,78
标致-307,82
标致-307(进口),9
标致-308,76
标致-308(进口),38
标致-308S,43
标致-4008,55
标致-4008(进口),31
标致-407,8
标致-408,80
标致-5008,35
标致-507,1
标致-508,79
标致-RCZ,21
标致-标致2008,1
标致-标致301,1
标致-标致308(进口),1
标致-标致5008,1
欧宝-威达,5
欧宝-安德拉,79
欧宝-英速亚,5
欧宝-赛飞利,14
欧宝-雅特,37
欧宝-麦瑞纳,3
欧朗-2012款,4
欧朗-2014款,1
欧朗-欧朗,44
比亚迪-e5,42
比亚迪-e6,22
比亚迪-F0,80
比亚迪-F3,83
比亚迪-F3R,79
比亚迪-F3新能源,4
比亚迪-F6,79
比亚迪-G3,80
比亚迪-G3R,22
比亚迪-G5,80
比亚迪-G6,79
比亚迪-G8,1
比亚迪-H6,1
比亚迪-L3,79
比亚迪-M6,79
比亚迪-S6,81
比亚迪-S7,78
比亚迪-元,29
比亚迪-元新能源,6
比亚迪-唐,1
比亚迪-唐新能源,77
比亚迪-宋,31
比亚迪-宋MAX,68
比亚迪-宋新能源,79
比亚迪-思锐,79
比亚迪-比亚迪S6,1
比亚迪-福莱尔,3
比亚迪-秦,39
比亚迪-秦Pro,2
比亚迪-秦Pro新能源,1
比亚迪-速锐,80
比速-T5,2
比速汽车-M3,32
比速汽车-T3,25
比速汽车-T5,51
比速汽车-比速T5,3
永源-A380,52
永源-五星,2
永源-猎鹰,1
汉腾汽车-X5,25
汉腾汽车-X7,79
江淮-2017款,2
江淮-iEV,81
江淮-iEV6E,57
江淮-iEV6S,31
江淮-iEV7S,3
江淮-K5,3
江淮-S7,3
江淮-凌铃,1
江淮-同悦,57
江淮-同悦RS,41
江淮-和悦,65
江淮-和悦A13,8
江淮-和悦A13RS,3
江淮-和悦A30,48
江淮-宾悦,16
江淮-帅铃T6,8
江淮-悦悦,52
江淮-星锐,40
江淮-江淮iEV,1
江淮-江淮iEV6E,1
江淮-淮iEV6S,1
江淮-瑞铃,7
江淮-瑞风,25
江淮-瑞风A60,40
江淮-瑞风M2,79
江淮-瑞风M3,79
江淮-瑞风M4,57
江淮-瑞风M5,79
江淮-瑞风M6,2
江淮-瑞风R3,6
江淮-瑞风S2,79
江淮-瑞风S2mini,19
江淮-瑞风S3,78
江淮-瑞风S4,1
江淮-瑞风S5,78
江淮-瑞风S7,76
江淮-瑞风S8,1
江淮-瑞鹰,79
江铃-域虎,7
江铃-域虎7,2
江铃-宝典,63
江铃-宝威,10
江铃-特顺,1
江铃-驭胜S330,39
江铃集团新能源-E100,8
江铃集团新能源-E100B,5
江铃集团新能源-E160,2
江铃集团新能源-E200,12
江铃集团新能源-E200L,1
江铃集团新能源-E200S,1
江铃集团新能源-江铃E100,1
江铃集团新能源-江铃E200,1
江铃集团新能源-江铃E200S,1
江铃集团轻汽-骐铃T100,1
江铃集团轻汽-骐铃T5,7
江铃集团轻汽-骐铃T7,5
沃尔沃-C30,78
沃尔沃-C70,4
沃尔沃-S40,78
沃尔沃-S60,81
沃尔沃-S60L,80
沃尔沃-S60L新能源,11
沃尔沃-S80,26
沃尔沃-S80L,78
沃尔沃-S90,39
沃尔沃-V40,81
沃尔沃-V60,77
沃尔沃-V90,1
沃尔沃-XC,29
沃尔沃-XC60,28
沃尔沃-XC60(进口),79
沃尔沃-XC90,79
沃尔沃-沃尔沃S40,1
沃尔沃-沃尔沃S80L,2
沃尔沃-沃尔沃V60,2
法拉利-458,6
法拉利-488,5
法拉利-California,8
法拉利-F12berlinetta,1
法拉利-F430,4
泰卡特-T9,1
海格-H5C,5
海格-H5V,1
海格-御骏,3
海格-梦之旅房车,1
海格-龙威,3
海马,1
海马-3,8
海马-@3,2
海马-E3,2
海马-M3,80
海马-M6,79
海马-M8,18
海马-S5,88
海马-S5青春版,15
海马-S7,79
海马-V70,41
海马-丘比特,79
海马-普力马,79
海马-欢动,29
海马-海福星,81
海马-海马王子,1
海马-爱尚,13
海马-爱尚EV,13
海马-王子,44
海马-福仕达,2
海马-福仕达福卡,1
海马-福仕达腾达,14
海马-福仕达荣达,22
海马-福仕达鸿达,76
海马-福美来,75
海马-福美来F7,4
海马-福美来MPV,20
海马-骑士,81
海马-鸿达,1
潍柴英致-727,10
潍柴英致-737,30
潍柴英致-G3,55
潍柴英致-G5,4
特斯拉-2016款,1
特斯拉-ModelS,69
特斯拉-ModelX,39
猎豹-CS7,1
猎豹-Q6,1
猎豹-猎豹CS9,1
猎豹汽车-6481,78
猎豹汽车-CS10,79
猎豹汽车-CS6,17
猎豹汽车-CS7,2
猎豹汽车-CS9,52
猎豹汽车-CS9新能源,10
猎豹汽车-Mattu,4
猎豹汽车-Q6,62
猎豹汽车-奇兵2008款,1
猎豹汽车-猎豹6481,1
猎豹汽车-飞扬,1
猎豹汽车-飞腾,45
猎豹汽车-飞腾C5,1
猎豹汽车-飞铃,2
猎豹汽车-骐菱,1
猎豹汽车-黑金刚,79
玛莎拉蒂-Ghibli,82
玛莎拉蒂-GranCabrio,3
玛莎拉蒂-GranTurismo,12
玛莎拉蒂-Levante,40
玛莎拉蒂-总裁,79
现代-ENCINO,3
现代-H-1辉翼,12
现代-i30,79
现代-ix25,78
现代-ix35,79
现代-Veloster飞思,79
现代-x25,1
现代-伊兰特,81
现代-伊兰特EV,1
现代-全新胜达,1
现代-全新胜达(进口),5
现代-劳恩斯,8
现代-劳恩斯-酷派,68
现代-劳恩斯酷派,1
现代-名图,80
现代-名驭,79
现代-御翔,44
现代-悦动,82
现代-悦纳,72
现代-悦纳RV,6
现代-捷恩斯,13
现代-新胜达(进口),64
现代-朗动,82
现代-格越,39
现代-格锐,40
现代-瑞奕,79
现代-瑞纳,80
现代-索纳塔,5
现代-索纳塔九,78
现代-索纳塔八,83
现代-维拉克斯,65
现代-美佳,8
现代-胜达,55
现代-胜达(进口),11
现代-胜达经典,38
现代-途胜,82
现代-途胜(进口),13
现代-酷派,20
现代-雅尊,26
现代-雅科仕,11
现代-雅绅特,81
现代-领动,38
现代-领翔,79
理念-S1,80
瑞驰新能源-EC35,6
瑞麒-G3,23
瑞麒-G5,13
瑞麒-G6,3
瑞麒-M1,70
瑞麒-M5,1
瑞麒-瑞麒M1,1
知豆-D1,14
知豆-D2,68
知豆-知豆,8
福汽启腾-EX80,11
福汽启腾-M70,36
福汽启腾-V60,3
福汽启腾-启腾M70,1
福特-C-MAX,1
福特-F-150,8
福特-Kuga,16
福特-Mustang,79
福特-全顺,11
福特-嘉年华,79
福特-嘉年华(进口),6
福特-探险者,79
福特-撼路者,53
福特-新世代全顺,69
福特-福克斯,91
福特-福克斯(进口),25
福特-福睿斯,83
福特-经典全顺,80
福特-翼搏,80
福特-翼虎,80
福特-致胜,6
福特-蒙迪欧,57
福特-蒙迪欧-致胜,82
福特-蒙迪欧新能源,1
福特-途睿欧,26
福特-金牛座,68
福特-锐界,91
福特-锐界(进口),109
福特-麦柯斯,79
福田-伽途ix5,19
福田-伽途ix7,12
福田-伽途V3,7
福田-伽途V5,3
福田-图雅诺,35
福田-拓陆者,13
福田-福田风景,2
福田-萨普,18
福田-萨瓦纳,9
福田-蒙派克E,80
福田-蒙派克S,5
福田-迷迪,36
福田-风景,41
福田-风景G7,15
福田-风景G9,5
福田-风景V3,6
福田-风景V5,4
福田乘用车-伽途im6,1
福田乘用车-伽途im8,8
福田乘用车-伽途ix5,8
福田乘用车-伽途ix7,7
福田乘用车-拓陆者,4
福田乘用车-萨瓦纳,7
福迪-小超人,4
福迪-探索者6,9
福迪-探索者Ⅲ,1
福迪-揽福,34
福迪-雄师F16,1
福迪-雄师F22,2
红旗-H5,4
红旗-H7,78
红旗-盛世,5
红旗-红旗H7,1
纳智捷-MASTER,9
纳智捷-U5,11
纳智捷-优6,79
纳智捷-大7,74
纳智捷-纳5,59
纳智捷-锐3,11
绅宝D20,1
腾势-腾势,13
英致-737,1
英菲尼迪-ESQ,27
英菲尼迪-EX,52
英菲尼迪-FX,79
英菲尼迪-G系,80
英菲尼迪-JX,29
英菲尼迪-M系,14
英菲尼迪-Q50,40
英菲尼迪-Q50L,80
英菲尼迪-Q60,5
英菲尼迪-Q70,78
英菲尼迪-Q70L,1
英菲尼迪-QX,9
英菲尼迪-QX30,10
英菲尼迪-QX50,44
英菲尼迪-QX50(进口),50
英菲尼迪-QX60,52
英菲尼迪-QX70,32
英菲尼迪-QX80,10
英菲尼迪EX,1
荣威-350,81
荣威-360,80
荣威-550,126
荣威-950,78
荣威-980,1
荣威-e50,5
荣威-e550,65
荣威-e950,27
荣威-Ei5,9
荣威-ei6,72
荣威-eRX5,8
荣威-i6,77
荣威-RX3,19
荣威-RX5,54
荣威-RX5新能源,66
荣威-RX8,3
荣威-W5,81
荣威-荣威e950,1
荣威-荣威i6,2
荣威W5,1
莲花-L5,1
莲花汽车-L3,78
莲花汽车-L4,1
莲花汽车-L5,30
莲花汽车-竞悦,2
莲花汽车-竞速,7
菲亚特-500,6
菲亚特-博悦,16
菲亚特-周末风,11
菲亚特-派力奥,57
菲亚特-派朗,7
菲亚特-致悦,65
菲亚特-菲翔,81
菲亚特-菲跃,48
菲亚特-西耶那,34
菲亚特-领雅,2
萨博-Saab,12
裕路-EV2,2
西雅特-LEON,28
西雅特-伊比飒,7
西雅特-欧悦搏,3
观致-3,79
观致-5,59
观致-观致5,1
讴歌-CDX,36
讴歌-ILX,4
讴歌-MDX,78
讴歌-RDX,11
讴歌-RDX(进口),11
讴歌-RL,5
讴歌-TL,19
讴歌-TLX,3
讴歌-ZDX,8
讴歌-讴歌MDX,1
起亚-K2,79
起亚-K3,80
起亚-K3S,71
起亚-K4,78
起亚-K42014款,1
起亚-K5,78
起亚-K5(进口),2
起亚-K5新能源,2
起亚-K9,1
起亚-KX,26
起亚-KX3,79
起亚-KX5,79
起亚-KX7,13
起亚-SPORTAGE,13
起亚-VQ,19
起亚-佳乐,79
起亚-凯尊,47
起亚-凯绅,23
起亚-千里马,78
起亚-千里马GLS-1,1
起亚-嘉华,1
起亚-嘉华(进口),8
起亚-奕跑,1
起亚-智跑,79
起亚-极睿,3
起亚-欧菲莱斯,20
起亚-焕驰,16
起亚-狮跑,79
起亚-福瑞迪,79
起亚-秀尔,80
起亚-索兰托,79
起亚-赛拉图,80
起亚-远舰,34
起亚-速迈,26
起亚-锐欧,79
起亚-霸锐,66
路特斯-Elise,1
路虎-卫士,1
路虎-发现,39
路虎-发现神行,71
路虎-发现神行(进口),43
路虎-揽胜,11
路虎-揽胜星脉,13
路虎-揽胜极光,35
路虎-揽胜极光(进口),79
路虎-揽胜运动版,79
路虎-揽胜运动版新能源,1
路虎-神行者,1
路虎-神行者2,77
迈凯伦-12C,1
迈凯伦-540C,1
迈凯伦-570,3
迈凯伦-650S,2
道奇-Ram,3
道奇-凯领,10
道奇-酷威,79
道奇-酷搏,46
道奇-锋哲,4
野马-F12,1
野马-T80,1
野马汽车-EC30,1
野马汽车-F10,8
野马汽车-F12,21
野马汽车-F16,7
野马汽车-F99,8
野马汽车-T70,79
野马汽车-T80,20
野马汽车-U能E350,3
野马汽车-斯派卡,8
金旅-海狮,30
金旅-海狮2010款2.0旅行房车XML5036xLJ15_f2ab7d114c8b824a.jpg,1
金旅-金旅海狮,2
金杯-A7,1
金杯-F50,16
金杯-S50,5
金杯-S70,6
金杯-T30,12
金杯-T32,19
金杯-T50,8
金杯-T52,8
金杯-大力神,6
金杯-大海狮,1
金杯-小海狮X30,57
金杯-小海狮X302017款1.5L舒适CNG_74bf65becff68307.jpg,1
金杯-快运,11
金杯-智尚S30,79
金杯-智尚S35,16
金杯-海星A7,23
金杯-海星A9,21
金杯-海星T20,1
金杯-海星T22,4
金杯-海狮,84
金杯-海狮S,2
金杯-海狮X30L,48
金杯-蒂阿兹,10
金杯-西部牛仔,5
金杯-金典,4
金杯-金杯大海狮,2
金杯-金杯海狮,1
金杯-阁瑞斯,69
金杯海星2009款,1
金龙-凯歌,2
金龙-凯特,3
金龙-凯锐浩克,3
金龙-海狮,1
金龙-金威,18
金龙-金旅,1
鑫源-X30LEV,2
鑫源-鑫源X30LEV,1
铃木-凯泽西,14
铃木-利亚纳,54
铃木-利亚纳A6,78
铃木-利亚纳A8,1
铃木-北斗星,71
铃木-北斗星X5,58
铃木-吉姆尼(进口),79
铃木-启悦,42
铃木-天语,137
铃木-奥拓,80
铃木-派喜,10
铃木-浪迪,26
铃木-维特拉,51
铃木-羚羊,79
铃木-英格尼斯,2
铃木-超级维特拉,29
铃木-速翼特,1
铃木-锋驭,76
铃木-雨燕,79
铃木-骁途,9
长城-C10R,2
长城-C20R,77
长城-C30,77
长城-C30新能源,15
长城-C50,80
长城-M1,46
长城-M2,79
长城-M4,80
长城-V80,57
长城-凌傲,19
长城-嘉誉,12
长城-炫丽,79
长城-精灵,38
长城-赛弗,1
长城-赛影,5
长城-酷熊,18
长城-金迪尔,6
长城-长城精灵,1
长城-风骏3,4
长城-风骏5,79
长城-风骏6,31
长安-CS15,80
长安-CS15EV,2
长安-CS35,81
长安-CS55,72
长安-CS75,82
长安-CS95,70
长安-CX20,80
长安-CX30,41
长安-凌轩,33
长安-奔奔,24
长安-奔奔EV,18
长安-奔奔i,79
长安-奔奔LOVE,15
长安-奔奔MINI,75
长安-志翔,12
长安-悦翔,24
长安-悦翔V3,80
长安-悦翔V5,79
长安-悦翔V7,79
长安-星光,13
长安-睿行M80,1
长安-睿骋,74
长安-睿骋CC,11
长安-逸动,79
长安-逸动DT,7
长安-逸动XT,57
长安-逸动新能源,12
长安-长安CS75,1
长安-长安星光,6
长安商用-CX70,21
长安商用-V5,2
长安商用-奔奔mini-e,2
长安商用-新豹MINI,10
长安商用-星光4500,2
长安商用-欧力威,34
长安商用-欧力威EV,1
长安商用-欧尚,2
长安商用-欧尚A800,25
长安商用-睿行,17
长安商用-睿行M70,4
长安商用-睿行M80,3
长安商用-睿行M90,4
长安商用-睿行S50,19
长安商用-神骐F30,2
长安商用-神骐T20,12
长安商用-跨越王,3
长安商用-金牛星,33
长安商用-长安V5,2
长安商用-长安之星,5
长安商用-长安之星2,5
长安商用-长安之星3,13
长安商用-长安之星7,17
长安商用-长安之星9,15
长安商用-长安之星S460,34
长安商用-长安星光4500,36
长安商用-长安星卡,10
长安欧尚,1
长安欧尚-A600,12
长安欧尚-A800,21
长安欧尚-CX70,59
长安欧尚-V3,1
长安欧尚-X70A,8
长安欧尚-奔奔mini-e,5
长安欧尚-欧力威,45
长安欧尚-欧诺,81
长安欧尚-金牛星,47
长安欧尚-长安之星,30
长安欧尚-长安之星2,57
长安欧尚-长安之星3,29
长安欧尚-长安之星7,11
长安欧尚-长安之星9,16
长安欧尚-长安之星S460,46
长安欧尚-长安星光,21
长安欧尚-长安星卡,38
长安跨越-V3,6
长安跨越-V5,4
长安跨越-新豹,1
长安跨越-新豹MINI,18
长安跨越-新豹T3载货车,1
长安跨越-跨越王,21
长安跨越-跨越王X3,1
长安跨越-长安V3,1
长安轻型车-M70,1
长安轻型车-T20,1
长安轻型车-睿行M70,3
长安轻型车-睿行M80,16
长安轻型车-睿行M90,12
长安轻型车-睿行S50,11
长安轻型车-神骐,1
长安轻型车-神骐F30,4
长安轻型车-神骐T20,15
长安轻型车-长安星光4500,24
阿尔法·罗密欧-Stelvio,1
阿尔法罗密欧-Stelvio,1
阿斯顿·马丁-DB9,4
阿斯顿·马丁-Rapide,6
阿斯顿·马丁-V8,1
阿斯顿·马丁-阿斯顿·马丁DB11,2
陆风-X2,12
陆风-X5,78
陆风-X6,17
陆风-X7,79
陆风-X8,80
陆风-X9,8
陆风-逍遥,6
陆风-陆风X6,1
陆风-风尚,1
陕汽通家-福家,24
雪佛兰-乐风,75
雪佛兰-乐风RV,39
雪佛兰-乐骋,78
雪佛兰-创酷,78
雪佛兰-宝骏310W,1
雪佛兰-探界者,37
雪佛兰-斯帕可,9
雪佛兰-景程,79
雪佛兰-沃蓝达,1
雪佛兰-爱唯欧,80
雪佛兰-科帕奇,68
雪佛兰-科帕奇(进口),79
雪佛兰-科沃兹,79
雪佛兰-科鲁兹,86
雪佛兰-赛欧,82
雪佛兰-迈锐宝,67
雪佛兰-迈锐宝XL,79
雪铁龙-C2,79
雪铁龙-C3-XR,79
雪铁龙-C4,36
雪铁龙-C4L,80
雪铁龙-C4世嘉,78
雪铁龙-C5,75
雪铁龙-C6,25
雪铁龙-C6(进口),3
雪铁龙-DS,1
雪铁龙-世嘉,76
雪铁龙-凯旋,47
雪铁龙-天逸,18
雪铁龙-富康,79
雪铁龙-毕加索,36
雪铁龙-爱丽舍,80
雪铁龙-赛纳,12
雷克萨斯-CT,80
雷克萨斯-ES,81
雷克萨斯-GS,28
雷克萨斯-GX,22
雷克萨斯-IS,79
雷克萨斯-LS,24
雷克萨斯-LX,49
雷克萨斯-NX,79
雷克萨斯-RC,2
雷克萨斯-RX,12
雷克萨斯-RX经典,79
雷克萨斯-雷RX经典,1
雷诺-卡缤,43
雷诺-塔利斯曼,5
雷诺-拉古那,9
雷诺-梅甘娜,15
雷诺-科雷傲,10
雷诺-科雷傲(进口),80
雷诺-科雷嘉,71
雷诺-纬度,29
雷诺-风景,9
雷诺-风朗,64
领克-01,8
领克-02,4
领途汽车-E行,1
马自达-2,3
马自达-2劲翔,69
马自达-3,103
马自达-3(进口),45
马自达-3星骋,78
马自达-4,1
马自达-4星骋,1
马自达-5,4
马自达-6,62
马自达-8,62
马自达-ATENZA,7
马自达-CX-3,2
马自达-CX-4,37
马自达-CX-5,84
马自达-CX-5(进口),9
马自达-CX-7,60
马自达-CX-7(进口),32
马自达-CX-9,2
马自达-MX-5,19
马自达-RX-8,3
马自达-睿翼,80
马自达-阿特兹,80
驭胜-S330,40
黄海-N1,7
黄海-N2,12
黄海-N3,5
黄海-傲骏,2
黄海-大柴神,9
黄海-挑战者SUV,14
黄海-旗胜F1,79
黄海-旗胜V3,49
黄海-瑞途,1
黄海-翱龙CUV,1
